{
	"info": {
		"_postman_id": "ebdefe7a-a249-4322-84f6-02782451ce55",
		"name": "TestSuite.Regression",
		"schema": "https://schema.getpostman.com/json/collection/v2.1.0/collection.json",
		"_exporter_id": "3113833"
	},
	"item": [
		{
			"name": "Create Author",
			"event": [
				{
					"listen": "test",
					"script": {
						"exec": [
							"pm.test(\"Status code is 200\", function () {",
							"    pm.response.to.have.status(200);",
							"});    ",
							"var json = pm.response.json();",
							"pm.environment.set(\"id\", json.ID)",
							"console.log(\"✅ ID saved to environment: \" + json.ID);",
							""
						],
						"type": "text/javascript",
						"packages": {}
					}
				},
				{
					"listen": "prerequest",
					"script": {
						"packages": {},
						"type": "text/javascript"
					}
				}
			],
			"request": {
				"method": "POST",
				"header": [
					{
						"key": "Content-Type",
						"value": "application/json"
					}
				],
				"body": {
					"mode": "raw",
					"raw": "{\n    \"id\": 1,\n    \"idBook\": 100,\n    \"firstName\": \"{{first_name}}\",\n    \"lastName\":\"{{last_name}}\"\n}",
					"options": {
						"raw": {
							"language": "json"
						}
					}
				},
				"url": {
					"raw": "https://myapplication714-appservice.azurewebsites.net/api/Authors",
					"protocol": "https",
					"host": [
						"myapplication714-appservice",
						"azurewebsites",
						"net"
					],
					"path": [
						"api",
						"Authors"
					]
				}
			},
			"response": []
		},
		{
			"name": "Get All Authors",
			"event": [
				{
					"listen": "test",
					"script": {
						"exec": [
							"pm.test(\"Status code is 200\", function () {",
							"    pm.response.to.have.status(200);",
							"});"
						],
						"type": "text/javascript",
						"packages": {}
					}
				}
			],
			"protocolProfileBehavior": {
				"disableBodyPruning": true
			},
			"request": {
				"method": "GET",
				"header": [],
				"body": {
					"mode": "raw",
					"raw": "",
					"options": {
						"raw": {
							"language": "json"
						}
					}
				},
				"url": {
					"raw": "https://myapplication714-appservice.azurewebsites.net/api/Authors/{{id}}",
					"protocol": "https",
					"host": [
						"myapplication714-appservice",
						"azurewebsites",
						"net"
					],
					"path": [
						"api",
						"Authors",
						"{{id}}"
					]
				}
			},
			"response": []
		}
	]
}